t (us),Omega_x (2pi MHz),Omega_y (2pi MHz),Omega_z (2pi MHz)
0.00027688796,79.807846,5.541461,0.0
0.000484152,79.67804,7.170065,0.0
0.00042663084,78.03342,17.62913,0.0
0.0003133376,78.135315,17.171864,0.0
0.0003096843,78.751205,14.080062,0.0
0.00036926544,78.817535,13.703843,0.0
0.00040707926,74.89212,28.127747,0.0
0.0004103899,79.99336,-1.0304548,0.0
0.00033656065,52.709713,-60.180443,0.0
0.00038403634,38.347874,-70.20998,0.0
0.00035700767,11.842367,-79.11864,0.0
0.0002108588,23.200457,-76.562,0.0
0.0002949548,39.62233,-69.49871,0.0
0.0002952223,37.784275,-70.514885,0.0
0.00025186423,37.130222,-70.86146,0.0
0.0003727836,32.76544,-72.98237,0.0
0.0004147589,36.500526,-71.18787,0.0
0.00034179218,43.397263,-67.20623,0.0
0.00037028114,11.669759,-79.14428,0.0
0.00033304343,6.1480274,-79.76341,0.0
0.0002523044,-3.0612848,-79.94141,0.0
0.0003119784,16.275139,-78.32701,0.0
0.000299379,36.99657,-70.93133,0.0
0.00030463818,-7.6050415,-79.637695,0.0
0.00025923844,-31.593151,-73.49744,0.0
0.00026612837,-32.7708,-72.97996,0.0
9.342546e-05,79.22326,-11.12096,0.0
0.00014007105,-58.60361,-54.457478,0.0
0.00026190717,-46.694466,-64.95866,0.0
6.0939034e-05,63.108284,49.166496,0.0
0.00024432276,-47.104515,-64.66193,0.0
0.0003993062,-74.14335,-30.046032,0.0
0.00012872856,11.062617,-79.23142,0.0
0.00013174576,40.602043,68.93094,0.0
0.00015378075,74.936775,28.008558,0.0
0.00014672118,12.6512165,-78.99333,0.0
0.00019389502,74.848015,-28.244917,0.0
0.0002107744,71.05828,36.752163,0.0
0.00011964709,76.77035,22.501408,0.0
0.00019310386,69.150696,40.226624,0.0
0.00011941232,78.14221,17.140453,0.0
8.5609994e-05,79.870186,4.5555634,0.0
9.314336e-05,78.88639,13.301791,0.0
0.00018599557,74.71779,28.58762,0.0
9.2277565e-05,78.77536,13.944274,0.0
0.00018017624,73.77219,30.946157,0.0
0.0001574439,79.70775,6.8318787,0.0
0.00011711476,71.00314,36.858566,0.0
0.00017878092,71.10732,36.657173,0.0
0.000108640656,74.00858,30.376461,0.0
0.00019492651,69.22869,40.092243,0.0
9.4055904e-05,75.27326,27.091255,0.0
0.00017586211,55.604725,57.516212,0.0
0.0002642283,48.31991,63.758816,0.0
7.806539e-05,49.23988,63.05105,0.0
0.00019350786,9.41304,79.44428,0.0
0.00025431748,11.130844,79.22187,0.0
0.00024488298,-38.65331,70.04228,0.0
0.00025828966,2.58531,79.95821,0.0
5.3638676e-05,79.90887,-3.8174434,0.0
0.00011602956,8.350855,79.56295,0.0
0.00015911192,-0.78268105,79.99617,0.0
0.00015947796,-27.172676,75.243904,0.0
7.884735e-05,-25.982246,75.663216,0.0
0.00012223789,18.104061,77.9246,0.0
0.00021242976,-21.245365,77.12739,0.0
0.00011282763,23.922382,76.3395,0.0
0.00014936637,30.418915,73.99115,0.0
0.0001737534,45.17974,66.02114,0.0
0.00012310063,49.237595,63.05283,0.0
0.00019915584,48.265835,63.79976,0.0
0.00013266991,50.403244,62.12498,0.0
0.00015918883,61.64568,50.988335,0.0
0.0002123772,55.436436,57.678432,0.0
0.00018572992,62.874535,49.46506,0.0
0.00010366918,45.524284,65.78404,0.0
0.00014477289,50.602585,61.96272,0.0
5.998539e-05,60.51887,52.3208,0.0
0.000170378,56.316933,56.81904,0.0
0.00024134322,56.284264,56.851402,0.0
0.00016777788,48.523174,63.604256,0.0
0.00019161595,43.515224,67.12991,0.0
0.0002647,56.312717,56.82321,0.0
7.9611076e-05,63.933186,48.088955,0.0
0.00011338838,55.166565,57.936607,0.0
0.00014641676,44.816456,66.26828,0.0
0.00014311416,58.919365,54.115696,0.0
0.00015767635,67.62053,42.748856,0.0
0.00018937871,75.11399,27.529764,0.0
0.00016569615,77.30436,20.592136,0.0
0.00015060189,77.016655,21.643368,0.0
0.0001826658,74.07909,-30.20411,0.0
0.00015629196,68.41558,-41.464546,0.0
0.00013543012,47.63731,-64.27042,0.0
0.00015482266,45.60455,-65.728424,0.0
0.00012246135,41.039806,-68.6712,0.0
0.00016205345,21.609585,-77.02614,0.0
9.402778e-05,14.48476,-78.67777,0.0
0.00013699383,14.178386,-78.73356,0.0
0.00027934377,8.187331,-79.57994,0.0
0.00025280047,11.345239,-79.19145,0.0
0.00017738366,7.658187,-79.63261,0.0
0.00026633407,9.77463,-79.400604,0.0
0.0001878905,-7.7027054,-79.62831,0.0
0.00016431841,-35.951668,-71.46661,0.0
0.0002766892,-56.767113,-56.369278,0.0
0.00015512279,-53.909763,59.10784,0.0
0.00010451025,-9.845651,79.39183,0.0
0.00013237195,0.6586442,79.997284,0.0
0.00018512721,-20.848482,77.23562,0.0
0.00025063337,-42.285866,67.91101,0.0
0.00029174404,-33.695213,72.557785,0.0
0.00026113333,-36.114822,71.38431,0.0
0.0002550439,-42.965504,67.48307,0.0
0.0002752589,-48.290344,63.781208,0.0
0.00017586877,-39.45492,69.59389,0.0
0.0002832855,-44.23928,66.654976,0.0
0.00030039594,-42.78251,67.59924,0.0
0.00021275663,-36.937695,70.962006,0.0
0.00013102748,-50.83746,61.770164,0.0
0.00012539627,-32.596592,73.05794,0.0
9.507327e-05,-18.021772,77.943665,0.0
0.00011537466,-76.27898,24.114674,0.0
0.00024787209,23.45023,-76.485855,0.0
0.00025744346,29.962395,-74.177185,0.0
0.0003069089,22.353745,-76.81348,0.0
0.00039777704,27.934229,-74.964516,0.0
0.00019933062,44.99943,-66.144165,0.0
0.00035146414,56.01417,-57.117535,0.0
0.00027229264,79.465576,-9.231612,0.0
0.00023802121,70.04705,38.64468,0.0
0.00029421088,52.826824,60.07767,0.0
0.00021718285,31.132223,73.693855,0.0
0.00028993876,29.08779,74.5245,0.0
0.0003539513,22.32216,76.82266,0.0
0.00037994358,19.393105,77.61384,0.0
0.00038846786,7.4059973,79.656456,0.0
0.0003175458,2.8694158,79.948524,0.0
0.00037915757,3.412209,79.9272,0.0
0.00032474365,-6.3269215,79.74942,0.0
0.0003693403,-11.730541,79.13529,0.0
0.00038755665,-18.034632,77.9407,0.0
0.00043731122,-28.252369,74.8452,0.0
0.00039600855,-39.40706,69.621,0.0
0.00039694467,-39.19381,69.74127,0.0
0.00029220423,-35.287743,71.79677,0.0
0.00022915573,-35.218433,71.83079,0.0
0.00029110306,-22.26529,76.83916,0.0
0.00031914143,-10.272759,79.3377,0.0
0.00022065472,5.761463,79.79227,0.0
0.00022983251,16.943462,78.18516,0.0
0.00045665156,20.802158,77.24811,0.0
0.0002810896,27.486465,75.129845,0.0
0.00032957108,41.077538,68.64864,0.0
0.00037803472,41.4253,68.43935,0.0
0.0002929024,40.431,69.0314,0.0
0.00022116437,53.088955,59.846157,0.0
0.00017062438,77.833855,18.490305,0.0
0.00018690688,73.78168,-30.92352,0.0
0.00019844646,67.80997,-42.44771,0.0
0.00021308086,50.71956,-61.86701,0.0
0.000157587,30.310108,-74.03578,0.0
0.0002599581,53.36635,-59.598938,0.0
0.0003102701,57.440582,-55.68285,0.0
0.00022864969,48.781372,-63.40645,0.0
0.00024199295,51.404373,-61.29919,0.0
0.0003560639,50.400204,-62.12744,0.0
0.0002248399,63.431774,-48.748436,0.0
0.00018502618,50.015816,-62.437317,0.0
0.00027513143,57.321514,-55.805416,0.0
0.00019455272,72.20822,-34.43795,0.0
0.00017348141,79.04393,-12.331165,0.0
0.00018578631,79.69338,6.9975004,0.0
0.00024035691,22.437672,76.789,0.0
0.00028111058,14.945325,78.59158,0.0
0.0004147005,9.160017,79.47386,0.0
0.0003023799,11.475783,79.17264,0.0
0.00032841103,18.441278,77.84548,0.0
0.00037069438,37.247437,70.79992,0.0
0.00028917578,40.529118,68.97384,0.0
0.00025667946,43.402042,67.20315,0.0
0.00031148863,33.61743,72.59386,0.0
0.000321265,-52.26833,60.564194,0.0
0.00030643417,-66.099655,45.06479,0.0
0.0004491359,-77.274445,20.704113,0.0
0.00051005767,-75.88765,25.319248,0.0
0.00014764968,-71.06756,36.734215,0.0
0.00012736258,-73.43988,31.726704,0.0
0.00012627333,-70.96382,36.934208,0.0
0.00013876495,-72.941666,32.855953,0.0
7.008411e-05,-45.412476,65.861275,0.0
7.704823e-05,-23.602846,76.4389,0.0
0.00033556175,-3.1176429,-79.939224,0.0
0.00030619995,56.725616,-56.411026,0.0
0.00012295821,78.14858,-17.11137,0.0
0.00017196953,71.86688,-35.144714,0.0
0.00014362897,75.75758,-25.705824,0.0
0.00020670747,79.65009,-7.474169,0.0
0.00025304587,78.63302,-14.725767,0.0
0.0002611109,65.94624,-45.288994,0.0
0.0002929138,42.61343,-67.70595,0.0
0.00031145217,36.9474,-70.956955,0.0
0.00022504665,-1.3610599,-79.98842,0.0
0.0002448785,18.274559,-77.88479,0.0
0.00021930633,10.077797,-79.3627,0.0
0.0002726379,12.329154,-79.04424,0.0
0.0001729842,20.961803,-77.20494,0.0
0.0003388947,18.153803,-77.913025,0.0
0.00024844042,23.157595,-76.57497,0.0
0.00034301367,17.28789,-78.109726,0.0
0.00025617177,23.670364,-76.41802,0.0
0.00018782025,26.14104,-75.608505,0.0
0.00018138252,6.10927,-79.76639,0.0
0.00016684605,22.126657,-76.879196,0.0
0.0001438115,5.792509,-79.790016,0.0
0.00026269897,15.836948,-78.41678,0.0
0.00020343496,1.9485134,-79.976265,0.0
0.00025109123,-7.2357183,-79.672104,0.0
0.00016086074,-33.108448,-72.8274,0.0
0.00013088546,-54.4367,-58.622913,0.0
0.00013759067,-59.66812,-53.28898,0.0
8.035843e-05,16.31228,-78.319275,0.0
0.00033631682,-76.68763,-22.781733,0.0
0.00020375884,-72.1586,-34.54181,0.0
0.0002948251,-75.12038,-27.51235,0.0
0.00011985779,-23.686865,-76.4129,0.0
5.6702618e-05,61.234604,-51.48129,0.0
0.00016045848,13.282047,-78.88971,0.0
0.00019018682,79.25999,-10.856085,0.0
0.00016002326,61.672363,-50.956055,0.0
0.000103985825,77.66109,-19.203,0.0
0.0001942325,76.49036,-23.43555,0.0
0.00014949331,79.790245,-5.789384,0.0
0.00024848914,73.99571,-30.407812,0.0
0.00023276523,76.98573,-21.753078,0.0
0.00011803905,67.22835,-43.363,0.0
0.0001673043,69.39432,-39.80487,0.0
0.00014916375,78.919815,-13.102026,0.0
0.00017304937,79.95181,-2.776294,0.0
0.00018076466,79.785736,-5.851227,0.0
0.00013304733,79.0352,12.386925,0.0
0.00020221244,79.483734,9.073887,0.0
9.993557e-05,72.541435,33.7304,0.0
0.00014375748,71.55516,35.775124,0.0
0.00017598264,59.34246,53.651394,0.0
0.00017847371,46.936386,64.78407,0.0
0.0001794203,44.327606,66.59627,0.0
0.00019196363,39.93701,69.31836,0.0
0.0001921888,49.186943,63.092346,0.0
8.0748076e-05,59.10288,53.91521,0.0
0.0002108496,17.917255,77.967766,0.0
0.00023060103,15.49397,78.48527,0.0
0.00023758825,13.931677,78.77759,0.0
0.00015086702,11.395062,79.184296,0.0
0.00026233,-9.4198475,79.44348,0.0
9.497159e-05,14.092498,78.74898,0.0
0.00019707857,-4.7102504,79.86121,0.0
0.00022778445,9.899038,79.38519,0.0
0.00015364737,7.1384025,79.68088,0.0
0.00018537862,43.531933,67.11908,0.0
0.00011619549,39.687798,69.46135,0.0
9.666123e-05,48.387676,63.707397,0.0
0.00017774399,56.722282,56.414383,0.0
0.0001583299,61.50522,51.15768,0.0
0.00013422692,63.284157,48.93992,0.0
0.00012304047,68.10141,41.97855,0.0
8.2555736e-05,67.77625,42.50152,0.0
0.00026367686,67.41103,43.07844,0.0
0.00015858658,66.71815,44.14395,0.0
0.00015274347,65.57412,45.82614,0.0
0.00015005279,67.51088,42.9218,0.0
8.454818e-05,66.86514,43.92098,0.0
0.00018777906,64.78271,46.938267,0.0
0.00020919865,68.32701,41.61033,0.0
0.00019231267,69.7163,39.238216,0.0
0.00015834508,71.15918,36.556416,0.0
0.0001472595,67.92017,42.271152,0.0
0.00015109828,71.59947,35.68635,0.0
0.0001327082,68.00101,42.14099,0.0
9.4344825e-05,72.9605,32.814095,0.0
0.00017043845,76.678986,22.810806,0.0
0.00012175796,75.536224,26.349174,0.0
0.00018582982,79.11084,11.894346,0.0
0.00017827669,79.88905,-4.2118425,0.0
0.00019140156,75.87312,-25.362743,0.0
0.00017510282,55.324062,-57.786224,0.0
0.00015270051,38.42346,-70.16864,0.0
0.00010643105,22.176582,-76.86481,0.0
0.00023111822,6.5693955,-79.72981,0.0
0.00019391245,-0.49845722,-79.99844,0.0
0.00035475148,-21.928787,-76.935875,0.0
0.00029860827,-21.419432,-77.07923,0.0
3.995851e-05,-79.9976,-0.6202947,0.0
0.00021321188,-35.221172,-71.829445,0.0
0.000109076886,-35.132935,-71.87264,0.0
0.00013190832,-47.342,-64.48825,0.0
0.00034631373,-66.453384,-44.54153,0.0
0.00011969542,-74.84532,28.252048,0.0
0.00012897768,-52.85086,60.05653,0.0
0.0001704592,-17.220644,78.12457,0.0
0.00018416031,4.4621058,79.875465,0.0
0.00010248542,-3.675991,79.9155,0.0
9.1144095e-05,20.156097,77.4192,0.0
0.00019890748,11.610619,79.15298,0.0
0.00019036829,10.977226,79.2433,0.0
0.00022069889,10.878521,79.25691,0.0
0.00021526065,13.2962475,78.88732,0.0
0.00014982409,4.827394,79.85422,0.0
0.00019187668,8.820916,79.51221,0.0
5.0981806e-05,1.5831547,79.98434,0.0
0.00017587909,7.3332186,79.66319,0.0
0.00028653088,2.8710935,79.94846,0.0
0.00028412062,3.222629,79.93507,0.0
0.00021744506,-9.906522,79.38426,0.0
0.00025918736,-15.194748,78.54375,0.0
0.00023302619,-16.643433,78.24957,0.0
0.00025866347,-24.641026,76.11058,0.0
6.357764e-05,-2.150385,79.97109,0.0
0.000112337424,7.2870636,-79.66743,0.0
0.00011741505,2.595061,-79.9579,0.0
0.0001591993,8.358565,-79.56214,0.0
0.00020697925,14.136457,-78.7411,0.0
0.00020867778,20.379097,-77.360794,0.0
0.00022203439,26.442307,-75.50368,0.0
0.00015042641,20.215637,-77.40367,0.0
0.00017030285,44.986656,-66.152855,0.0
0.00020060678,54.89468,-58.194275,0.0
0.00016952453,76.44899,-23.570137,0.0
0.00017343766,79.977715,1.8883096,0.0
0.00016284345,71.69427,35.49553,0.0
0.00015652292,52.123966,60.688484,0.0
0.00015987303,63.88834,48.148518,0.0
0.000121594385,52.327614,60.51298,0.0
0.00024821388,33.407658,72.690636,0.0
0.0002116523,34.478477,72.18888,0.0
0.0002332457,25.448587,75.844376,0.0
0.00016588005,24.471056,76.1654,0.0
0.00017972964,24.094501,76.285355,0.0
0.0002635749,15.310021,78.521355,0.0
0.0003360214,18.817455,77.75541,0.0
0.00027926933,11.40133,79.183395,0.0
0.00025464257,17.266623,78.114426,0.0
0.00023813502,17.882381,77.97577,0.0
0.0002560541,6.097906,79.76726,0.0
0.0002708158,-5.1671405,79.832954,0.0
0.00015825855,4.602566,79.86749,0.0
0.00021329513,4.4544883,79.875885,0.0
0.00029786548,-59.275036,53.725883,0.0
0.00030062764,-60.8025,51.99092,0.0
0.00035404906,-63.67802,48.42633,0.0
0.00022578548,-57.504776,55.61655,0.0
0.0001867048,-53.97563,59.047703,0.0
0.00025526897,-61.15211,51.579254,0.0
0.00035412947,-36.519165,71.1783,0.0
0.00022014702,-4.3583393,79.881195,0.0
0.00033570107,44.149746,66.71432,0.0
0.00021299957,30.610744,73.91199,0.0
0.00021881546,48.347813,63.73766,0.0
0.00029505877,49.04434,63.203262,0.0
0.0003144106,53.921387,59.097248,0.0
0.00022775402,54.29153,58.75738,0.0
0.00015993621,58.660545,54.39614,0.0
0.00023188465,63.357082,48.845474,0.0
0.00020128272,61.489452,51.176624,0.0
0.00022727903,73.74672,31.006792,0.0
0.00021999334,71.56625,35.75291,0.0
0.00015199829,71.47937,35.9263,0.0
0.00012397373,68.920006,40.620594,0.0
0.00018097325,77.173164,21.0785,0.0
9.4068164e-05,69.389946,39.8125,0.0
0.00017620738,79.443146,-9.422656,0.0
0.00024752197,57.987156,-55.113426,0.0
8.909827e-05,28.281477,-74.834206,0.0
0.00023505038,44.474785,-66.49808,0.0
0.00019539466,18.6582,-77.79378,0.0
0.00023316318,11.740212,-79.13386,0.0
0.00023090905,35.69223,-71.59654,0.0
0.0002454161,43.022552,-67.446724,0.0
0.00017116766,42.824253,-67.5728,0.0
0.00024772232,56.143,-56.990906,0.0
0.00020669033,69.348335,-39.88494,0.0
0.00025032117,77.00961,-21.668411,0.0
0.00016476604,75.4582,-26.5718,0.0
0.00027242434,79.916885,-3.6458352,0.0
0.00027938446,77.75039,18.838192,0.0
0.00026471127,76.00884,24.953064,0.0
0.00020143323,67.016426,43.6898,0.0
0.0002984825,57.299156,55.82837,0.0
0.00035221802,45.1194,66.06239,0.0
0.0002394949,34.917065,71.97776,0.0
0.00034046936,18.361834,77.86426,0.0
0.00032044295,22.249401,76.843765,0.0
0.00023865319,31.86446,73.38022,0.0
0.00035389146,53.889194,59.126595,0.0
0.00032589637,71.31412,36.25323,0.0
0.00028935046,79.5836,8.151683,0.0
0.00038090764,78.83191,-13.620966,0.0
0.00039168115,76.919075,-21.98764,0.0
0.00047216346,77.34136,-20.45273,0.0
0.00040877613,77.55097,-19.642975,0.0
